id,first_name,last_name,company,email
1,Anselma,Bolin,Innotype,abolin0@gov.uk
2,Melinda,Bielfeldt,Roodel,mbielfeldt1@xinhuanet.com
3,Binky,Fennelow,,
4,Sonnnie,Jzhakov,,
5,Jessey,Kremer,Oba,jkremer4@toplist.cz
6,Chicky,Inmett,Topicstorm,cinmett5@google.it
7,Chance,Nevill,,
8,Melanie,Roddam,Aibox,mroddam7@prnewswire.com
9,Venus,Hexum,Tagchat,vhexum8@nih.gov
10,Guendolen,Scammell,Blognation,gscammell9@rakuten.co.jp
11,Gretal,Shaughnessy,Flashset,gshaughnessya@cnet.com
12,Edgardo,Lathy,Dynabox,elathyb@dion.ne.jp
13,Tatiana,Guerreru,Demivee,tguerreruc@china.com.cn
14,Livy,Pimme,Kazu,lpimmed@friendfeed.com
15,Bertrando,Valadez,Layo,bvaladeze@rediff.com
16,Leanora,Portail,Centidel,lportailf@google.es
17,Georgine,Huske,Oyoba,ghuskeg@java.com
18,Sibyl,Rawling,Meetz,srawlingh@desdev.cn
19,Foster,Domerq,Tagfeed,fdomerqi@bloglines.com
20,Cherlyn,Fumagallo,Oyondu,cfumagalloj@joomla.org
21,Yetty,Fagan,Bluejam,yfagank@topsy.com
22,Mannie,Cannell,Minyx,mcannelll@wix.com
23,Milli,Pickvance,,
24,Rosaleen,Sheather,Meembee,rsheathern@adobe.com
25,Raynell,Basterfield,Quaxo,rbasterfieldo@phoca.cz
26,Ansley,Smeeth,Plambee,asmeethp@google.com
27,Karee,Bruneton,,
28,Rancell,Tordoff,Realfire,rtordoffr@si.edu
29,Phelia,Piggins,Pixoboo,ppigginss@xrea.com
30,Jasmina,Hartless,Youfeed,jhartlesst@chron.com
31,Maybelle,Toman,Vidoo,mtomanu@paypal.com
32,Hallie,Ribou,Reallinks,hribouv@networkadvertising.org
33,Justus,Saunderson,Flipbug,jsaundersonw@telegraph.co.uk
34,Ketti,Townes,Livefish,ktownesx@storify.com
35,Gaven,Jayes,Gevee,gjayesy@deliciousdays.com
36,Louis,Cauley,Gabvine,lcauleyz@archive.org
37,Roana,Stigell,,
38,Guthrey,Rouke,Devpulse,grouke11@mediafire.com
39,Clio,Kettel,Lajo,ckettel12@tuttocitta.it
40,Torrence,Yancey,Blogspan,tyancey13@theguardian.com
41,Griffie,Rockhill,,
42,Grannie,Borgnol,Twitterbeat,gborgnol15@so-net.ne.jp
43,Aldin,De Mitris,Wikivu,ademitris16@wikipedia.org
44,Kati,Saffin,Thoughtbeat,ksaffin17@microsoft.com
45,Remington,Sparshatt,Gigabox,rsparshatt18@eepurl.com
46,Allistir,Scardafield,Flashset,ascardafield19@dell.com
47,Lanita,Rowesby,Mybuzz,lrowesby1a@photobucket.com
48,Natalya,Snoxall,Ainyx,nsnoxall1b@vistaprint.com
49,Aurelia,Gilks,Shuffletag,agilks1c@mediafire.com
50,Wendy,Lumsdale,Roombo,wlumsdale1d@last.fm
51,Ethelyn,Hame,Shuffletag,ehame1e@pcworld.com
52,Pris,Naul,Photobug,pnaul1f@biblegateway.com
53,Herrick,Adame,Fiveclub,hadame1g@theguardian.com
54,Sadella,Bleazard,Katz,sbleazard1h@ocn.ne.jp
55,Serge,Dionsetto,InnoZ,sdionsetto1i@google.ru
56,Aime,Doerffer,Jayo,adoerffer1j@nba.com
57,Cale,Mains,Zoombeat,cmains1k@t.co
58,Charmine,Conradsen,Avamba,cconradsen1l@state.gov
59,Zeb,Hearmon,Edgeclub,zhearmon1m@deliciousdays.com
60,Sterne,Philcock,Skibox,sphilcock1n@europa.eu
61,Bobbye,Dulson,Latz,bdulson1o@yandex.ru
62,Broderic,Mowen,Flipopia,bmowen1p@is.gd
63,Nollie,Northeast,Rhyloo,nnortheast1q@4shared.com
64,Gertrud,Luberti,Quamba,gluberti1r@myspace.com
65,Carmine,Swannie,Teklist,cswannie1s@ebay.co.uk
66,Ellynn,MacDermand,Devify,emacdermand1t@senate.gov
67,Anestassia,Coxall,Devpoint,acoxall1u@mapy.cz
68,Gaelan,Guyet,Skinte,gguyet1v@home.pl
69,Myrta,Jost,Vipe,mjost1w@nydailynews.com
70,Hanna,Burchill,,
71,Chloette,Lamont,Photobug,clamont1y@google.com
72,Mariam,Fleote,Reallinks,mfleote1z@washingtonpost.com
73,Laney,Eardley,Youfeed,leardley20@skype.com
74,Yasmin,Hunnybun,,
75,Eduino,Preator,Zoovu,epreator22@illinois.edu
76,Cooper,Roughan,Feedspan,croughan23@comsenz.com
77,Elianora,Jedrysik,Skyba,ejedrysik24@nasa.gov
78,Suzie,Wardesworth,Ozu,swardesworth25@purevolume.com
79,Hertha,Polly,,
80,Edwin,Bernth,Trilith,ebernth27@slideshare.net
81,Tammie,Petts,Skyble,tpetts28@123-reg.co.uk
82,Othilie,De Giovanni,Jabbersphere,odegiovanni29@yellowbook.com
83,Reuben,Etienne,Riffwire,retienne2a@purevolume.com
84,Allys,Tunnow,,
85,Ariadne,Ship,Tagopia,aship2c@oaic.gov.au
86,Johna,Georgiev,Yacero,jgeorgiev2d@imdb.com
87,Aliza,Kiltie,Abatz,akiltie2e@tinyurl.com
88,Barnebas,Huckett,Dabjam,bhuckett2f@nbcnews.com
89,Jessalin,Pavlov,Blogtag,jpavlov2g@usgs.gov
90,Etan,Penwell,Livetube,epenwell2h@ycombinator.com
91,Wyndham,Tarling,Youspan,wtarling2i@smugmug.com
92,Shelby,MacDonogh,Avavee,smacdonogh2j@apache.org
93,Wilmette,Durant,Dabtype,wdurant2k@aboutads.info
94,Gasper,Garlette,Dabjam,ggarlette2l@whitehouse.gov
95,Shelley,Jobin,Flipbug,sjobin2m@sciencedaily.com
96,Ferris,Ealden,Skinte,fealden2n@amazon.co.jp
97,Jean,Juszczyk,Jaloo,jjuszczyk2o@goo.ne.jp
98,Juan,McWhan,,
99,Karlis,Camel,Viva,kcamel2q@skype.com
100,Rustie,Handscombe,Youbridge,rhandscombe2r@xrea.com
